recording_id,category,is_authentic,device,speaker_id,duration_s,sample_rate,bandwidth_hz,enf_snr_50hz,enf_snr_100hz,enf_snr_150hz,pause_cv,pause_count,pause_mean_s,noise_floor_mean_db,noise_floor_std_db,noise_step_changes,splice_candidates,phase_jump_count,spectral_centroid_mean_hz,spectral_centroid_std_hz,effective_bits,kl_divergence,channel_correlation,is_stereo,enf_bandwidth_hz_narrow,harmonic_ratio_100,harmonic_ratio_150,enf_noise_correlation,phase_jitter
1,authentic,1,laptop_mic,9,274.4,48000,7708.7,1.332,0.442,0.574,0.679,178,0.3804,-35.59,2.733,0,0,0,874.5,146.3,16,0.037493,,0,,,,,
2,authentic,1,laptop_mic,10,231.7,44100,7225.2,0.695,0.374,0.133,0.7019,95,0.6912,-40.99,1.281,0,0,0,1290.2,304.7,16,0.010796,0.8967,1,,,,,
3,authentic,1,landline,9,427.5,44100,2972.6,7.966,4.655,1.242,0.3687,249,0.4562,-43.7,2.412,0,0,0,1316.7,109.2,16,0.011515,,0,0.438429,0.248849,0.044399,0.148484,0.009404
4,authentic,1,covert_gsm,16,340.9,44100,3460.1,7.283,5.149,1.215,0.3136,51,0.6195,-45.76,0.903,0,0,0,1558.5,214.3,16,0.031884,0.7219,1,0.129562,0.867613,0.546063,0.294897,0.008988
5,authentic,1,landline,14,470.6,48000,2749.1,7.842,3.42,1.087,0.8416,200,0.2815,-48.88,1.948,0,0,0,2023.1,229.6,16,0.029621,,0,0.115467,0.403436,0.034552,0.222897,0.009948
6,authentic,1,smartphone_ios,11,75.5,48000,16227.0,0.756,0.576,0.251,0.5081,39,0.1648,-35.83,1.706,0,0,0,1634.2,381.3,16,0.024201,0.7829,1,,,,,
7,authentic,1,usb_mic,10,271.8,48000,9915.5,1.739,1.301,0.272,0.6324,44,0.587,-49.38,2.149,0,0,0,2357.2,169.1,16,0.028188,0.9074,1,,,,,
8,authentic,1,landline,20,200.5,16000,1258.2,8.696,3.722,4.125,0.3988,23,0.4328,-35.15,2.729,0,0,0,1682.1,194.8,16,0.033421,0.7236,1,0.393652,0.273091,0.56272,0.13434,0.006841
9,authentic,1,smartphone_android,9,104.7,48000,8407.8,9.792,7.219,1.749,0.4862,69,0.7817,-44.99,0.86,0,0,0,1952.0,136.5,16,0.035019,,0,0.163906,0.733506,0.43209,0.308644,0.006966
10,authentic,1,smartphone_android,8,557.6,44100,9770.6,8.352,5.273,4.028,0.4719,433,0.1662,-43.9,2.085,0,0,0,2442.6,278.8,24,0.040414,,0,0.409601,0.065161,0.074395,0.3403,0.016952
11,authentic,1,usb_mic,5,325.5,48000,18447.8,1.802,1.084,0.477,0.5245,131,0.5738,-37.65,1.635,0,0,0,2188.2,131.6,16,0.030127,0.9062,1,,,,,
12,authentic,1,laptop_mic,18,99.2,44100,16588.4,0.748,0.331,0.121,0.3693,9,0.186,-51.51,0.633,0,0,0,1340.6,251.4,16,0.042705,0.7454,1,,,,,
13,authentic,1,smartphone_ios,15,160.9,48000,15997.3,1.124,0.365,0.28,0.6143,25,0.6917,-53.96,2.812,0,0,1,2465.3,340.6,16,0.032482,,0,,,,,
14,authentic,1,smartphone_android,11,328.6,44100,16004.8,8.016,3.948,2.852,0.4599,61,0.4606,-46.66,1.081,0,0,0,1445.1,305.7,16,0.047494,,0,0.281982,0.329107,0.325907,0.346996,0.014789
15,authentic,1,smartphone_ios,17,326.6,48000,16860.8,0.932,0.622,0.169,0.7169,238,0.2359,-42.71,0.738,0,0,1,1033.6,387.7,16,0.03009,,0,,,,,
16,authentic,1,voip,15,568.4,48000,4618.9,1.385,0.481,0.48,0.4028,288,0.5221,-45.68,1.807,0,0,0,1819.3,379.4,16,0.006738,0.8645,1,,,,,
17,authentic,1,laptop_mic,14,468.0,44100,9070.6,1.848,1.259,0.385,0.5185,149,0.2524,-52.04,2.84,0,0,0,1740.1,380.8,16,0.024489,0.9467,1,,,,,
18,authentic,1,smartphone_android,1,571.4,48000,7727.0,13.057,8.076,1.942,0.653,341,0.158,-45.91,2.563,0,0,0,1313.3,375.5,16,0.006419,,0,0.449264,0.291322,0.503769,0.087247,0.019987
19,authentic,1,covert_gsm,2,395.3,44100,4111.7,2.377,0.999,0.374,0.7661,91,0.7419,-41.87,0.59,0,0,0,2162.5,171.6,16,0.003804,,0,0.469674,0.706292,0.421891,0.343293,0.005602
20,authentic,1,usb_mic,5,88.1,48000,16966.2,1.618,0.995,0.713,0.3931,55,0.2755,-49.58,2.275,1,0,0,1847.7,112.7,16,0.035769,0.7229,1,,,,,
21,authentic,1,landline,4,588.3,16000,1845.0,12.193,7.538,4.011,0.3871,466,0.3459,-43.44,2.249,0,1,0,1664.2,221.2,16,0.006842,0.7695,1,0.207976,0.413718,0.370483,0.27212,0.011177
22,authentic,1,laptop_mic,12,142.3,48000,8858.1,0.554,0.282,0.16,0.4354,72,0.5178,-40.96,2.12,0,0,0,1733.5,229.4,16,0.018672,,0,,,,,
23,authentic,1,landline,11,533.5,48000,3463.7,8.547,4.788,3.589,0.4887,379,0.4712,-52.68,0.68,0,0,0,1368.0,151.9,16,0.037392,0.9068,1,0.43975,0.366422,0.100632,0.260294,0.006795
24,authentic,1,laptop_mic,20,575.7,44100,14682.9,0.966,0.622,0.369,0.5327,324,0.157,-50.82,1.813,0,0,0,2481.5,266.8,16,0.049526,0.8121,1,,,,,
25,authentic,1,landline,18,61.8,44100,2883.7,7.639,4.084,1.224,0.4086,47,0.179,-50.34,1.23,0,0,0,943.0,173.1,16,0.032242,,0,0.361485,0.698468,0.044284,0.178313,0.013093
26,authentic,1,laptop_mic,10,509.0,44100,14638.4,1.778,0.982,0.825,0.6523,367,0.3714,-45.02,1.829,0,0,1,1872.4,153.3,16,0.010389,0.9319,1,,,,,
27,authentic,1,covert_gsm,17,194.9,44100,3275.7,2.095,0.92,0.799,0.6803,159,0.5532,-45.45,2.404,1,0,1,2129.4,360.0,16,0.036888,,0,0.312304,0.605987,0.582191,0.394602,0.009323
28,authentic,1,landline,7,453.7,44100,673.5,2.532,1.744,0.749,0.8913,196,0.7856,-46.77,2.484,0,0,0,2372.0,346.8,16,0.019262,0.7273,1,0.363628,0.656269,0.466495,0.35291,0.016091
29,authentic,1,laptop_mic,11,43.6,48000,7802.0,1.433,1.045,0.146,0.6088,25,0.1692,-46.97,2.739,0,0,0,1391.7,356.0,16,0.029926,0.7687,1,,,,,
30,authentic,1,voip,2,124.7,48000,5114.8,1.576,1.109,0.787,0.4778,48,0.2389,-43.5,2.994,0,0,0,2356.0,249.1,16,0.018904,0.7505,1,,,,,
31,authentic,1,usb_mic,1,280.2,48000,18864.3,1.015,0.518,0.491,0.7512,136,0.335,-37.06,1.088,0,1,0,2061.9,277.2,16,0.01567,0.7806,1,,,,,
32,authentic,1,smartphone_ios,4,526.5,48000,11965.5,1.342,0.934,0.555,0.563,231,0.7966,-41.51,2.537,1,0,0,1755.7,130.6,16,0.047812,,0,,,,,
33,authentic,1,voip,4,36.0,44100,8574.7,0.655,0.21,0.13,0.3393,15,0.4855,-48.75,0.627,0,0,0,1986.9,162.1,16,0.020312,,0,,,,,
34,authentic,1,smartphone_android,18,80.6,44100,6413.8,8.606,4.688,2.007,0.5588,53,0.6968,-49.79,1.306,0,0,0,1188.0,199.2,24,0.00338,,0,0.378854,0.177886,0.037951,0.098372,0.018782
35,authentic,1,smartphone_android,3,125.2,44100,6750.4,3.438,2.098,0.676,0.6415,65,0.7021,-54.91,2.633,0,0,0,2254.3,176.3,24,0.023268,,0,0.493553,0.357306,0.489764,0.16144,0.016988
36,authentic,1,covert_gsm,9,141.6,44100,2489.4,3.015,0.95,0.719,0.3114,29,0.6214,-40.84,2.346,0,0,0,1014.2,143.1,16,0.009474,,0,0.496545,0.053406,0.019782,0.39758,0.01377
37,authentic,1,laptop_mic,11,539.9,44100,16068.9,1.304,0.797,0.273,0.3303,285,0.3416,-41.73,2.591,0,0,0,2285.6,176.1,16,0.028124,0.8694,1,,,,,
38,authentic,1,landline,16,346.7,16000,3682.0,7.451,4.152,0.782,0.7776,164,0.4152,-53.12,2.724,0,0,0,2434.6,153.5,16,0.04309,,0,0.169102,0.449331,0.442762,0.357428,0.010686
39,authentic,1,laptop_mic,12,448.9,48000,14158.5,1.674,0.979,0.238,0.8424,328,0.6688,-53.0,1.011,0,0,1,1441.1,315.8,16,0.020337,0.8522,1,,,,,
40,authentic,1,covert_gsm,13,254.3,16000,4219.1,8.079,3.219,2.027,0.5365,46,0.2559,-41.31,1.349,1,0,0,2081.0,364.3,16,0.010902,0.8305,1,0.276735,0.270524,0.036652,0.218522,0.01939
41,authentic,1,smartphone_ios,14,304.9,48000,9549.7,0.879,0.393,0.357,0.826,231,0.79,-35.35,2.882,0,0,0,1739.9,129.1,16,0.031221,,0,,,,,
42,authentic,1,usb_mic,4,163.2,48000,11940.6,1.778,1.053,0.701,0.4776,59,0.4132,-39.8,2.431,0,1,0,2323.4,130.1,16,0.042477,0.8034,1,,,,,
43,authentic,1,smartphone_android,20,158.5,44100,14354.7,13.067,9.634,3.08,0.6185,42,0.3091,-51.77,2.85,0,0,0,1634.0,258.9,16,0.022294,0.7314,1,0.479945,0.459726,0.572391,0.107252,0.013316
44,authentic,1,smartphone_ios,2,163.1,48000,8420.8,0.678,0.515,0.155,0.6649,70,0.4103,-44.36,0.968,1,0,0,1596.9,145.9,24,0.017728,0.7856,1,,,,,
45,authentic,1,landline,16,379.3,16000,3017.7,4.755,3.623,1.309,0.6834,32,0.7957,-49.38,0.655,0,0,0,1874.9,217.9,24,0.016639,,0,0.273662,0.610959,0.36382,0.215474,0.019251
46,authentic,1,usb_mic,7,118.7,48000,19500.2,1.769,0.566,0.495,0.8355,76,0.7947,-44.37,2.15,0,1,0,2055.5,220.9,16,0.036269,,0,,,,,
47,authentic,1,landline,20,260.3,48000,2504.8,6.451,3.252,1.781,0.3755,39,0.5839,-41.89,2.157,0,0,0,2122.9,358.2,16,0.033725,0.7688,1,0.138235,0.290993,0.408095,0.368614,0.008038
48,authentic,1,usb_mic,15,425.3,48000,22800.0,1.415,0.605,0.496,0.4923,346,0.4098,-41.29,0.558,0,0,0,1554.7,380.8,16,0.016789,,0,,,,,
49,authentic,1,usb_mic,6,384.8,48000,14478.0,0.866,0.655,0.407,0.806,314,0.6342,-39.71,2.406,0,0,0,1896.2,186.8,16,0.029712,,0,,,,,
50,authentic,1,smartphone_ios,13,492.4,48000,20048.0,0.752,0.228,0.176,0.7785,350,0.2399,-39.51,0.789,0,1,0,1061.7,226.8,16,0.046712,,0,,,,,
51,authentic,1,smartphone_android,16,95.7,48000,9431.1,13.503,8.53,1.954,0.7995,20,0.4253,-43.96,1.752,0,0,1,2499.0,254.9,16,0.036664,,0,0.213697,0.442028,0.260618,0.067997,0.015084
52,authentic,1,landline,1,475.7,44100,3152.4,12.676,6.444,2.898,0.7493,325,0.4693,-37.14,0.86,0,0,0,1707.5,120.3,16,0.001025,,0,0.405342,0.079613,0.394832,0.338095,0.00752
53,authentic,1,smartphone_ios,4,518.6,48000,19523.7,1.308,0.928,0.179,0.5367,330,0.3173,-39.95,1.76,0,0,0,1172.6,162.5,16,0.006827,0.7441,1,,,,,
54,authentic,1,smartphone_ios,8,496.5,48000,13579.1,1.986,0.732,0.718,0.5692,187,0.7188,-35.49,2.682,0,0,0,1291.4,320.4,16,0.027995,,0,,,,,
55,authentic,1,covert_gsm,1,30.5,44100,3284.4,8.32,3.579,2.225,0.7547,21,0.5148,-47.29,1.177,0,0,0,1950.3,119.8,16,0.011402,,0,0.351442,0.196166,0.535256,0.214485,0.012141
56,authentic,1,landline,2,49.8,48000,993.1,9.615,3.824,3.575,0.4285,7,0.2845,-46.55,0.94,0,0,0,1413.3,116.6,16,0.013976,,0,0.166264,0.805111,0.558503,0.084941,0.006611
57,authentic,1,smartphone_android,3,377.4,44100,15946.7,11.806,8.381,3.665,0.898,43,0.4108,-48.52,2.872,0,0,0,2463.7,249.6,16,0.048573,0.7994,1,0.325596,0.158845,0.199441,0.117623,0.006549
58,authentic,1,landline,11,359.8,48000,1495.4,7.313,3.772,2.583,0.8561,281,0.4045,-48.41,1.628,0,0,0,1742.5,196.2,16,0.019551,0.7415,1,0.383708,0.380732,0.136578,0.246935,0.016333
59,authentic,1,smartphone_ios,10,498.7,48000,20985.1,1.396,0.886,0.169,0.8673,188,0.7505,-43.42,0.512,0,0,0,845.1,323.0,16,0.025324,,0,,,,,
60,authentic,1,smartphone_android,7,475.2,48000,16242.2,6.85,3.99,1.426,0.3964,315,0.4728,-44.27,2.914,1,0,0,1810.3,363.4,16,0.005954,,0,0.282341,0.529734,0.589465,0.262524,0.011375
61,authentic,1,voip,19,259.3,44100,3863.0,1.692,1.216,0.362,0.4823,191,0.1656,-44.59,1.659,0,0,0,1440.4,285.6,16,0.023625,,0,,,,,
62,authentic,1,smartphone_ios,14,96.7,48000,10638.6,1.016,0.354,0.487,0.543,66,0.7834,-53.39,2.129,0,0,0,1532.8,110.8,16,0.049684,,0,,,,,
63,authentic,1,smartphone_android,7,427.9,48000,16513.5,2.586,1.986,1.125,0.3705,54,0.6926,-51.88,1.837,1,0,0,1556.5,118.9,24,0.016222,0.7715,1,0.485037,0.130143,0.521709,0.297745,0.01745
64,authentic,1,smartphone_android,6,507.7,48000,16965.9,3.65,2.547,1.162,0.6261,384,0.7817,-40.9,1.707,0,0,0,1465.6,126.9,16,0.039214,,0,0.470887,0.570388,0.030754,0.105133,0.008087
65,authentic,1,voip,11,142.9,44100,8442.6,1.966,0.822,0.235,0.3922,18,0.2768,-43.63,2.781,0,0,0,2161.0,285.3,16,0.047493,0.7226,1,,,,,
66,authentic,1,usb_mic,5,271.1,48000,22800.0,1.067,0.732,0.338,0.4097,87,0.5746,-41.54,1.587,0,0,0,2392.3,156.4,16,0.025385,,0,,,,,
67,authentic,1,smartphone_android,9,270.5,48000,17541.9,8.322,4.485,2.236,0.3401,142,0.2982,-42.25,0.627,1,0,0,1608.5,118.1,16,0.032761,,0,0.259831,0.592246,0.515175,0.270873,0.010215
68,authentic,1,covert_gsm,20,408.0,48000,2638.6,7.526,5.314,2.275,0.7419,174,0.2901,-40.1,0.828,0,0,0,2321.0,181.8,16,0.047846,0.7494,1,0.202358,0.499983,0.530867,0.316191,0.015622
69,authentic,1,landline,8,224.2,16000,1914.4,3.917,1.71,0.875,0.3764,111,0.6083,-53.6,1.703,0,0,0,1562.0,346.2,16,0.01868,0.8169,1,0.244665,0.254788,0.453551,0.159846,0.009092
70,authentic,1,smartphone_android,7,271.7,48000,10535.9,5.068,3.454,2.392,0.5988,153,0.7137,-35.02,2.034,0,1,0,1583.6,124.3,16,0.024383,,0,0.251092,0.532942,0.335776,0.342815,0.00663
71,tts_generated,0,usb_mic,5,478.9,48000,7979.3,1.809,1.227,0.476,0.1303,110,0.5441,-41.22,0.648,0,0,0,1296.3,67.0,16,0.000674,,0,,,,,
72,tts_generated,0,usb_mic,9,503.0,48000,4767.7,0.763,0.506,0.193,0.2327,92,0.5905,-43.71,0.506,0,0,0,1964.5,76.5,16,0.004382,1.0,1,,,,,
73,tts_generated,0,usb_mic,16,466.5,48000,7340.5,0.82,0.411,0.258,0.2488,68,0.2852,-49.62,1.253,0,0,0,1395.2,124.7,16,0.001969,1.0,1,,,,,
74,tts_generated,0,laptop_mic,4,295.5,44100,6569.0,1.536,1.07,0.434,0.1307,139,0.3098,-45.4,1.181,0,0,0,1468.2,70.1,16,0.004692,1.0,1,,,,,
75,tts_generated,0,usb_mic,13,545.9,48000,5064.1,0.911,0.502,0.207,0.2388,153,0.296,-43.07,0.719,0,0,0,1161.9,113.9,32,0.002188,,0,,,,,
76,tts_generated,0,usb_mic,13,511.3,48000,4202.1,1.801,1.011,0.583,0.202,92,0.6575,-41.23,1.147,0,0,0,1876.7,102.7,32,0.008223,,0,,,,,
77,tts_generated,0,voip,5,83.9,48000,6021.1,1.374,0.796,0.491,0.2326,18,0.6287,-46.44,0.88,0,0,0,1795.2,146.1,32,0.009187,,0,,,,,
78,tts_generated,0,laptop_mic,19,388.4,44100,7946.5,0.641,0.373,0.24,0.1068,163,0.3988,-40.4,1.349,0,0,0,1770.2,83.7,32,0.006619,,0,,,,,
79,tts_generated,0,voip,15,143.8,48000,5982.4,0.583,0.332,0.217,0.0562,40,0.7643,-58.98,1.175,0,0,0,1866.6,124.6,32,0.002238,,0,,,,,
80,tts_generated,0,laptop_mic,6,158.7,48000,4108.7,1.938,1.244,0.634,0.1988,52,0.4595,-51.01,1.033,0,0,0,1888.1,131.2,16,0.005828,1.0,1,,,,,
81,tts_generated,0,usb_mic,9,543.2,48000,5328.7,0.754,0.409,0.164,0.074,86,0.7934,-58.52,0.372,0,1,0,1580.2,127.4,32,0.008834,,0,,,,,
82,tts_generated,0,laptop_mic,9,432.0,44100,5870.6,0.755,0.497,0.19,0.0807,96,0.6973,-53.4,1.092,0,1,0,1077.7,126.5,16,0.002245,,0,,,,,
83,tts_generated,0,laptop_mic,17,187.6,48000,5159.3,1.331,0.831,0.429,0.1747,34,0.6008,-46.5,1.087,0,0,0,1446.8,90.9,16,0.002301,,0,,,,,
84,tts_generated,0,usb_mic,12,153.7,48000,6183.2,1.641,0.975,0.492,0.1739,72,0.4697,-49.43,0.983,0,0,0,1071.9,101.6,16,0.009225,,0,,,,,
85,tts_generated,0,laptop_mic,10,577.9,48000,4867.7,0.643,0.321,0.184,0.2038,232,0.1709,-48.6,0.401,0,1,0,1167.4,112.7,16,0.006451,,0,,,,,
86,tts_generated,0,voip,7,149.9,48000,6000.8,1.634,1.095,0.653,0.0948,35,0.3128,-54.74,0.957,0,1,0,1990.3,102.7,32,0.008614,,0,,,,,
87,tts_generated,0,voip,17,324.2,48000,5759.2,1.978,1.379,0.754,0.2097,75,0.3586,-49.05,0.929,0,0,0,1636.7,90.8,32,0.003402,1.0,1,,,,,
88,tts_generated,0,laptop_mic,11,125.4,44100,5785.1,0.842,0.549,0.262,0.0542,31,0.2651,-46.88,0.558,0,0,0,1054.9,108.2,16,0.008503,1.0,1,,,,,
89,tts_generated,0,laptop_mic,9,275.1,48000,7211.0,1.84,0.924,0.434,0.2308,92,0.2475,-55.94,1.058,0,0,0,1599.4,145.3,16,0.003073,,0,,,,,
90,tts_generated,0,usb_mic,8,146.3,48000,5408.8,1.567,0.789,0.451,0.1788,52,0.6548,-43.79,1.125,0,0,0,1475.0,110.3,16,0.000521,1.0,1,,,,,
91,tts_generated,0,laptop_mic,2,257.1,44100,7297.7,1.889,1.02,0.729,0.0536,121,0.7688,-59.76,1.192,0,1,0,1905.9,147.1,32,0.000874,,0,,,,,
92,tts_generated,0,laptop_mic,9,374.6,44100,4614.3,1.61,0.829,0.557,0.2198,114,0.4814,-53.76,1.46,0,0,0,1369.0,67.5,16,0.004693,,0,,,,,
93,tts_generated,0,laptop_mic,3,140.9,48000,5512.8,1.778,0.975,0.575,0.2353,32,0.6004,-40.25,0.396,0,0,0,1674.2,84.0,16,0.004806,,0,,,,,
94,tts_generated,0,voip,17,211.0,44100,7370.9,1.17,0.808,0.386,0.0732,96,0.468,-57.17,0.398,0,0,0,1047.4,78.7,16,0.004467,,0,,,,,
95,tts_generated,0,laptop_mic,18,178.6,48000,6457.5,1.061,0.668,0.235,0.0528,40,0.4468,-52.12,1.253,0,0,0,1530.4,109.4,16,0.0052,1.0,1,,,,,
96,tts_generated,0,laptop_mic,16,73.7,44100,4089.1,1.402,0.915,0.36,0.2075,26,0.754,-40.38,0.255,0,0,0,1547.0,64.7,16,0.009878,1.0,1,,,,,
97,tts_generated,0,voip,15,508.0,44100,5919.2,1.967,1.17,0.445,0.0603,243,0.3228,-49.92,0.318,0,0,0,1930.1,100.2,32,0.002662,,0,,,,,
98,tts_generated,0,usb_mic,7,277.2,48000,7421.9,1.085,0.658,0.429,0.0873,67,0.1702,-52.16,0.46,0,0,0,1181.3,117.5,16,0.003617,1.0,1,,,,,
99,tts_generated,0,usb_mic,9,287.9,48000,7410.5,1.358,0.737,0.516,0.1185,42,0.4715,-57.52,0.51,0,0,0,1130.8,130.7,32,0.006105,,0,,,,,
100,tts_generated,0,usb_mic,19,595.8,48000,4651.4,1.279,0.776,0.301,0.1726,82,0.753,-54.71,0.251,0,0,0,1240.2,77.4,16,0.002866,1.0,1,,,,,
101,tts_generated,0,laptop_mic,7,240.3,48000,4358.9,0.538,0.291,0.189,0.2482,113,0.4777,-49.36,0.609,0,0,0,1764.8,134.4,32,0.0044,,0,,,,,
102,tts_generated,0,usb_mic,17,195.4,48000,4377.4,1.991,1.302,0.435,0.1812,28,0.6506,-44.02,0.983,0,1,0,1097.9,77.6,16,0.00052,,0,,,,,
103,tts_generated,0,laptop_mic,14,244.7,44100,7517.6,0.906,0.615,0.258,0.1156,77,0.4215,-54.85,0.853,0,0,0,1351.9,106.6,16,0.008257,1.0,1,,,,,
104,tts_generated,0,usb_mic,11,474.1,48000,7352.5,0.713,0.432,0.167,0.2136,164,0.3212,-41.41,0.35,0,0,0,1721.0,55.9,32,0.008177,1.0,1,,,,,
105,tts_generated,0,laptop_mic,14,166.3,44100,7748.2,1.842,0.99,0.488,0.1675,65,0.4377,-56.87,0.335,0,1,0,1455.4,137.3,16,0.009231,1.0,1,,,,,
106,tts_generated,0,usb_mic,3,558.8,48000,5258.9,1.033,0.61,0.293,0.088,258,0.3146,-45.89,0.287,0,0,0,1653.7,83.9,32,0.001031,,0,,,,,
107,tts_generated,0,usb_mic,15,527.6,48000,5280.6,1.053,0.639,0.273,0.0621,141,0.3155,-52.28,0.456,0,0,0,1627.0,88.8,16,0.005386,,0,,,,,
108,tts_generated,0,voip,12,358.7,44100,6087.9,1.865,1.228,0.395,0.1358,139,0.7914,-50.83,0.321,0,0,0,1126.6,125.2,32,0.007262,,0,,,,,
109,tts_generated,0,laptop_mic,16,373.3,44100,7476.2,0.555,0.339,0.135,0.2221,138,0.4231,-56.24,0.641,0,0,0,1204.4,59.4,32,0.007666,1.0,1,,,,,
110,tts_generated,0,voip,12,583.7,44100,6442.1,0.961,0.538,0.2,0.1957,87,0.1532,-45.41,1.434,0,0,0,1471.6,98.6,16,0.003314,,0,,,,,
111,tts_generated,0,laptop_mic,18,364.9,48000,4315.0,1.077,0.577,0.291,0.1075,72,0.6466,-50.07,1.395,0,0,0,1067.0,90.3,16,0.002701,,0,,,,,
112,tts_generated,0,voip,1,130.9,44100,5992.0,1.371,0.789,0.501,0.0777,38,0.5983,-42.64,0.68,0,0,0,1069.1,67.0,16,0.007306,1.0,1,,,,,
113,tts_generated,0,usb_mic,6,53.8,48000,7342.1,0.633,0.32,0.134,0.2207,11,0.5064,-51.48,1.234,0,0,0,1500.7,148.9,16,0.008324,1.0,1,,,,,
114,tts_generated,0,laptop_mic,14,533.5,44100,5053.3,1.128,0.647,0.343,0.1424,135,0.3486,-54.98,0.675,0,0,0,1872.1,110.2,16,0.006969,,0,,,,,
115,tts_generated,0,voip,8,103.1,44100,4189.0,1.643,1.146,0.343,0.1996,16,0.5349,-44.88,0.667,0,0,0,1595.2,149.1,16,0.001976,1.0,1,,,,,
116,tts_generated,0,laptop_mic,16,363.9,44100,7570.2,1.709,0.939,0.532,0.1095,92,0.7558,-46.36,1.467,0,0,0,1537.4,98.7,16,0.002443,,0,,,,,
117,tts_generated,0,voip,2,559.9,44100,4791.9,1.648,0.856,0.626,0.1951,88,0.5997,-47.37,1.185,0,1,0,1718.4,108.6,16,0.007003,,0,,,,,
118,tts_generated,0,laptop_mic,9,403.6,44100,7990.7,0.741,0.4,0.228,0.1463,138,0.1819,-51.91,0.958,0,0,0,1657.3,122.0,32,0.007923,,0,,,,,
119,tts_generated,0,usb_mic,11,369.6,48000,5092.6,1.291,0.871,0.434,0.0681,129,0.2941,-45.32,1.276,0,0,0,1591.4,83.9,16,0.008655,,0,,,,,
120,tts_generated,0,laptop_mic,4,230.4,48000,4572.0,0.79,0.454,0.307,0.151,50,0.2187,-53.23,1.26,0,0,0,1772.5,130.3,16,0.006126,,0,,,,,
121,tts_generated,0,laptop_mic,19,44.8,48000,6088.6,1.328,0.72,0.483,0.1497,6,0.594,-40.99,1.278,0,0,0,1053.3,144.0,32,0.005371,,0,,,,,
122,tts_generated,0,usb_mic,10,260.6,48000,4387.0,0.849,0.567,0.195,0.0953,87,0.2898,-56.74,0.932,0,0,0,1626.2,141.2,16,0.009143,,0,,,,,
123,spliced,0,usb_mic,17,384.3,48000,18654.1,1.459,0.931,0.297,0.8249,163,0.658,-42.45,2.074,2,3,3,1377.5,147.5,16,0.062539,,0,,,,,
124,spliced,0,laptop_mic,15,202.0,44100,8562.7,1.315,0.789,0.432,0.82,50,0.6003,-49.5,3.574,2,1,4,1953.1,281.6,16,0.094552,0.6161,1,,,,,
125,spliced,0,voip,20,398.2,44100,3288.5,1.336,0.869,0.488,0.5771,177,0.6029,-32.82,2.734,4,1,5,930.5,132.5,8,0.072336,0.6647,1,,,,,
126,spliced,0,voip,17,250.4,44100,7498.9,1.84,1.16,0.414,0.4272,154,0.2077,-41.86,7.655,4,2,4,1576.5,283.4,8,0.030182,,0,,,,,
127,spliced,0,voip,8,404.6,44100,8165.2,1.729,1.035,0.613,0.4127,150,0.2784,-32.78,6.938,4,4,5,1188.2,331.6,16,0.069149,,0,,,,,
128,spliced,0,laptop_mic,7,183.8,44100,7888.8,0.624,0.374,0.235,0.6281,71,0.4286,-40.71,3.256,4,1,4,2092.0,235.2,16,0.050747,,0,,,,,
129,spliced,0,usb_mic,12,482.3,48000,19302.9,1.77,1.236,0.503,0.7383,249,0.4444,-31.46,4.367,2,1,2,2229.2,187.1,16,0.044437,,0,,,,,
130,spliced,0,usb_mic,14,538.7,48000,10623.7,1.362,0.808,0.44,0.5184,170,0.4567,-38.36,5.006,2,4,4,1380.3,296.2,16,0.031489,,0,,,,,
131,spliced,0,voip,5,447.4,44100,6959.9,0.883,0.532,0.344,0.4788,265,0.7915,-32.5,2.995,4,1,2,2280.2,266.0,16,0.064301,,0,,,,,
132,spliced,0,laptop_mic,9,289.0,48000,16223.8,0.845,0.451,0.278,0.8332,65,0.3123,-47.21,7.163,1,3,5,820.6,230.3,16,0.123043,0.76,1,,,,,
133,spliced,0,voip,16,448.4,48000,3965.3,1.09,0.74,0.219,0.4293,182,0.3672,-44.56,4.76,1,3,4,1778.0,105.1,16,0.034497,,0,,,,,
134,spliced,0,usb_mic,8,472.9,48000,12611.6,0.78,0.468,0.161,0.3852,239,0.6943,-48.38,7.292,3,4,4,1946.1,221.8,16,0.138675,0.7231,1,,,,,
135,spliced,0,voip,5,567.7,44100,5693.5,1.513,1.011,0.602,0.3471,312,0.7268,-49.02,6.525,2,3,3,1241.6,116.5,8,0.024465,,0,,,,,
136,spliced,0,laptop_mic,14,141.7,48000,13591.7,1.309,0.899,0.363,0.7515,18,0.6309,-30.23,7.08,2,3,2,1955.1,288.0,16,0.078945,0.8324,1,,,,,
137,spliced,0,laptop_mic,20,158.2,44100,9008.4,1.597,0.857,0.372,0.277,93,0.6008,-49.2,2.17,2,2,3,1538.8,329.3,8,0.10508,0.9728,1,,,,,
138,spliced,0,usb_mic,16,447.4,48000,16392.1,0.83,0.55,0.288,0.3832,155,0.4508,-33.47,6.103,3,3,2,1431.9,92.3,16,0.07062,,0,,,,,
139,spliced,0,voip,12,137.5,44100,4502.3,0.596,0.39,0.164,0.4781,46,0.6798,-43.58,6.548,4,3,3,2071.2,203.6,16,0.08354,0.6407,1,,,,,
140,spliced,0,laptop_mic,7,87.5,44100,10053.7,1.335,0.916,0.277,0.6229,30,0.1632,-45.01,2.711,1,2,3,1699.4,80.3,8,0.023099,,0,,,,,
141,spliced,0,voip,5,335.8,44100,3335.7,1.912,0.997,0.431,0.3379,220,0.5515,-37.79,7.92,1,5,2,1859.2,193.4,16,0.140374,0.9889,1,,,,,
142,spliced,0,laptop_mic,13,394.5,44100,17189.2,0.586,0.401,0.184,0.6726,67,0.4967,-36.53,4.737,1,2,5,858.6,271.4,16,0.011048,0.8629,1,,,,,
143,spliced,0,voip,14,360.0,44100,6493.6,1.048,0.67,0.334,0.3746,148,0.7232,-36.66,4.831,2,1,2,819.0,346.4,8,0.124083,0.7106,1,,,,,
144,spliced,0,usb_mic,9,204.8,48000,21255.9,1.937,1.307,0.447,0.716,34,0.7437,-39.64,4.018,1,1,2,2353.8,295.3,16,0.024107,,0,,,,,
145,spliced,0,voip,4,332.6,44100,4994.5,0.925,0.569,0.219,0.5315,153,0.2333,-31.39,5.034,4,3,4,2017.4,316.3,16,0.04895,0.8364,1,,,,,
146,spliced,0,voip,2,156.2,44100,6273.8,0.741,0.461,0.265,0.7431,41,0.5068,-38.74,4.837,3,2,5,966.7,303.9,16,0.04428,,0,,,,,
147,spliced,0,voip,3,468.0,44100,6503.9,0.666,0.344,0.233,0.4258,281,0.6453,-36.04,3.672,3,5,1,1354.5,143.4,16,0.113927,,0,,,,,
148,spliced,0,laptop_mic,3,198.8,44100,8216.8,1.79,1.11,0.493,0.7239,24,0.315,-45.4,7.912,3,3,1,1113.3,251.6,16,0.139399,,0,,,,,
149,spliced,0,laptop_mic,3,453.5,44100,17285.2,1.191,0.749,0.457,0.3992,272,0.2134,-37.03,6.697,3,2,4,1057.8,138.2,8,0.093689,,0,,,,,
150,spliced,0,voip,8,531.4,44100,5697.8,1.115,0.598,0.386,0.5191,49,0.7766,-33.68,6.341,4,5,2,1838.6,244.4,8,0.041073,0.8571,1,,,,,
151,spliced,0,voip,15,460.2,48000,4971.1,0.808,0.477,0.25,0.8015,273,0.7454,-32.99,7.787,2,1,1,1463.5,149.6,8,0.143449,0.9742,1,,,,,
152,spliced,0,usb_mic,16,390.0,48000,19469.9,0.997,0.628,0.237,0.8126,101,0.3159,-35.78,5.939,2,3,1,1944.7,153.1,8,0.032705,0.7292,1,,,,,
153,spliced,0,laptop_mic,4,126.4,48000,11734.3,0.693,0.442,0.27,0.5061,76,0.2139,-49.14,6.328,3,4,1,2120.7,181.7,16,0.034223,,0,,,,,
154,spliced,0,voip,19,498.8,44100,6781.2,1.603,1.029,0.596,0.3603,41,0.539,-42.92,2.743,1,2,1,896.8,327.3,16,0.147512,,0,,,,,
155,spliced,0,voip,13,433.2,44100,7067.6,0.644,0.346,0.139,0.6125,285,0.5868,-35.78,7.908,3,1,5,1420.0,81.2,16,0.141182,0.7917,1,,,,,
156,enf_injected_naive,0,usb_mic,4,48.8,48000,10776.0,23.175,15.593,5.299,0.423,9,0.1675,-48.93,1.11,0,0,0,1459.7,229.9,8,0.031603,,0,0.032845,0.046137,0.0275,0.002988,0.000935
157,enf_injected_naive,0,usb_mic,9,17.1,48000,10513.5,7.737,4.016,2.092,0.6708,9,0.5336,-57.07,1.172,0,0,0,822.1,155.8,16,0.048394,,0,0.032798,0.034778,0.00417,0.006157,0.000709
158,enf_injected_naive,0,laptop_mic,3,394.1,44100,10988.9,15.984,8.35,4.854,0.31,70,0.2362,-40.92,0.57,0,0,0,1347.5,322.5,16,0.138682,0.6448,1,0.026687,0.017277,0.024057,0.007588,0.000525
159,enf_injected_naive,0,usb_mic,14,338.5,48000,13555.4,17.224,8.741,6.215,0.3109,89,0.5175,-59.14,0.303,0,0,0,922.0,208.8,16,0.041931,0.8977,1,0.038546,0.007009,0.02879,0.001895,0.000677
160,enf_injected_naive,0,usb_mic,1,426.9,48000,21569.2,17.087,10.366,4.524,0.3132,201,0.1718,-54.49,0.322,0,0,0,1885.8,249.7,16,0.022624,,0,0.020582,0.036023,0.017371,-0.000169,0.000538
161,enf_injected_naive,0,usb_mic,18,457.4,48000,16855.9,16.981,8.58,6.597,0.4415,106,0.7996,-45.63,0.262,0,0,0,843.4,241.9,8,0.140674,,0,0.026382,0.030832,0.008757,-0.008721,0.000764
162,enf_injected_naive,0,voip,7,65.1,48000,3269.8,15.851,10.169,5.711,0.6126,37,0.4142,-43.02,0.858,0,0,0,2405.0,154.2,8,0.043974,0.737,1,0.02574,0.044156,0.00877,0.000415,0.000406
163,enf_injected_naive,0,usb_mic,17,107.2,48000,11111.2,17.575,11.149,6.311,0.6038,57,0.4053,-59.34,0.351,0,0,0,1359.2,213.8,16,0.088484,,0,0.030338,0.033348,0.009542,-0.003076,0.000627
164,enf_injected_naive,0,usb_mic,12,199.1,48000,14422.6,22.351,14.07,5.074,0.5146,120,0.1736,-42.9,0.412,0,0,0,1521.4,82.7,16,0.07369,,0,0.018602,0.043314,0.027672,0.001137,0.000282
165,enf_injected_naive,0,laptop_mic,8,336.2,48000,16890.0,15.982,8.849,3.638,0.6692,219,0.1684,-45.19,1.405,0,0,0,987.3,266.8,16,0.019636,,0,0.025703,0.04536,0.02634,0.00625,0.000564
166,enf_injected_naive,0,voip,3,311.0,48000,6889.5,8.349,5.028,1.761,0.4297,68,0.553,-44.26,0.274,0,1,0,2263.3,172.4,16,0.066366,0.8062,1,0.012591,0.043924,0.027729,0.006432,0.000606
167,enf_injected_naive,0,voip,1,591.0,48000,4588.2,6.899,4.225,1.833,0.4434,51,0.5376,-54.72,0.444,0,0,0,1419.4,317.3,16,0.10507,,0,0.019843,0.041082,0.020756,0.001185,0.000101
168,enf_injected_naive,0,voip,16,594.7,48000,8450.4,27.558,13.891,9.876,0.5207,323,0.1544,-54.24,1.177,0,0,0,1853.5,161.3,16,0.145347,,0,0.023414,0.027617,0.012285,0.001053,0.000489
169,enf_injected_naive,0,usb_mic,17,546.8,48000,22800.0,19.107,11.243,6.517,0.753,225,0.605,-45.01,1.079,0,0,0,1154.7,214.6,16,0.010347,,0,0.028301,0.006457,0.024491,0.004341,0.000782
170,enf_injected_naive,0,laptop_mic,11,514.7,44100,10099.6,19.263,9.634,6.337,0.6809,213,0.4728,-43.8,1.086,0,0,0,2430.4,271.0,16,0.145977,,0,0.032661,0.030471,0.005165,0.000867,0.000789
171,enf_injected_naive,0,laptop_mic,3,522.9,48000,9676.0,17.649,10.351,3.913,0.3421,299,0.4648,-59.03,0.221,0,0,0,1079.4,270.4,16,0.041962,,0,0.014633,0.015179,0.026664,0.000882,0.000897
172,enf_injected_naive,0,laptop_mic,7,208.1,44100,10828.2,17.002,11.893,3.79,0.7612,122,0.5096,-53.12,0.875,0,0,0,2158.5,214.5,16,0.097177,,0,0.031332,0.025197,0.027135,-0.006311,0.000976
173,enf_injected_naive,0,usb_mic,3,518.5,48000,16650.5,25.93,14.556,9.137,0.3343,136,0.4397,-53.55,0.703,0,1,0,1236.3,281.2,8,0.117203,,0,0.022051,0.036124,0.027454,0.006014,0.000451
174,enf_injected_naive,0,laptop_mic,6,470.9,44100,15089.7,13.202,8.729,2.87,0.2766,313,0.7151,-42.34,1.437,0,0,0,1287.6,115.1,16,0.040807,,0,0.01012,0.00716,0.007394,-0.006021,0.000303
175,enf_injected_naive,0,laptop_mic,11,206.6,48000,12672.3,27.256,16.913,9.237,0.4693,36,0.3584,-40.71,1.008,0,0,0,1566.6,305.6,16,0.088491,,0,0.030173,0.032136,0.005693,-0.007872,0.000969
176,enf_injected_naive,0,laptop_mic,12,258.2,44100,5591.2,25.553,13.884,9.222,0.5706,63,0.1696,-43.68,0.429,0,0,0,2085.0,174.5,16,0.044589,,0,0.01892,0.01051,0.009277,-0.005937,0.000386
177,enf_injected_sophisticated,0,usb_mic,2,107.7,48000,15689.0,26.987,13.803,6.545,0.795,64,0.5916,-55.19,0.746,0,0,0,1018.6,182.6,16,0.060391,,0,0.044813,0.43834,0.337202,0.015133,0.002288
178,enf_injected_sophisticated,0,usb_mic,12,177.7,48000,10378.7,23.446,12.525,6.686,0.5422,33,0.2115,-53.04,1.438,0,0,0,1448.4,90.5,16,0.022916,,0,0.067598,0.469434,0.189823,-0.018105,0.001099
179,enf_injected_sophisticated,0,voip,12,531.8,44100,4566.8,19.351,12.324,4.106,0.3419,147,0.5856,-51.22,1.154,0,1,0,2089.2,347.9,16,0.129305,,0,0.066513,0.620721,0.380405,-0.000992,0.003553
180,enf_injected_sophisticated,0,laptop_mic,9,512.9,44100,15292.5,24.984,17.298,6.241,0.6758,269,0.7586,-41.86,0.946,0,0,0,1084.4,343.2,8,0.111463,,0,0.052061,0.384477,0.156688,0.01426,0.003043
181,enf_injected_sophisticated,0,voip,17,434.5,44100,4601.0,26.91,15.121,6.46,0.3009,165,0.443,-44.97,0.804,0,0,0,1244.8,155.1,16,0.033111,,0,0.046346,0.335356,0.174607,-0.017663,0.00416
182,enf_injected_sophisticated,0,laptop_mic,14,212.1,44100,12872.3,28.497,19.727,9.579,0.7407,115,0.4693,-45.91,0.302,0,0,0,2435.1,102.9,16,0.140617,0.8047,1,0.076393,0.68409,0.138365,-0.00604,0.003793
183,enf_injected_sophisticated,0,voip,18,205.0,44100,3330.4,8.838,5.413,2.922,0.6393,110,0.4199,-54.53,0.22,0,0,0,1331.1,128.1,8,0.032043,,0,0.061479,0.674273,0.33945,0.00271,0.00155
184,enf_injected_sophisticated,0,laptop_mic,9,51.0,48000,9795.3,15.695,8.726,5.292,0.7546,27,0.558,-49.23,0.24,0,0,0,1726.5,153.1,16,0.140985,,0,0.053796,0.548369,0.224123,-0.001193,0.002161
185,enf_injected_sophisticated,0,voip,14,416.1,44100,3423.7,24.876,13.846,8.371,0.6356,193,0.5453,-40.82,0.861,0,0,0,1999.3,143.8,8,0.069362,0.743,1,0.049548,0.541546,0.165967,0.012172,0.00275
186,enf_injected_sophisticated,0,usb_mic,8,62.6,48000,16461.5,5.705,3.624,1.533,0.8196,17,0.5165,-54.85,1.006,0,0,0,1430.1,135.0,8,0.026783,,0,0.050616,0.300772,0.385879,-0.019201,0.002674
187,enf_injected_sophisticated,0,usb_mic,5,550.0,48000,20008.1,16.591,11.529,3.449,0.8421,318,0.7538,-54.9,0.385,0,0,0,1677.0,221.3,16,0.096811,0.756,1,0.036675,0.376926,0.143005,0.012412,0.003819
188,enf_injected_sophisticated,0,laptop_mic,14,234.0,48000,15205.2,27.031,16.473,9.839,0.5568,84,0.7125,-52.27,0.715,0,0,0,1681.8,227.1,16,0.07027,0.9381,1,0.0473,0.669177,0.162206,0.002402,0.003146
189,enf_injected_sophisticated,0,usb_mic,17,96.2,48000,22800.0,18.286,11.286,5.523,0.2716,35,0.3213,-53.15,1.044,0,0,0,958.5,99.7,8,0.036724,,0,0.038891,0.652688,0.162928,-0.016355,0.004503
190,enf_injected_sophisticated,0,usb_mic,6,263.9,48000,22800.0,28.609,18.395,6.116,0.606,174,0.7655,-57.88,0.715,0,0,0,1020.5,267.6,8,0.058281,0.7942,1,0.037908,0.472836,0.143003,0.018154,0.00158
191,enf_injected_sophisticated,0,usb_mic,11,130.2,48000,10714.9,10.058,5.139,2.292,0.5461,60,0.2068,-51.18,0.956,0,0,0,1432.5,99.4,8,0.075345,,0,0.079813,0.691849,0.226926,-0.016773,0.002294
192,enf_injected_sophisticated,0,voip,17,23.3,44100,3733.3,16.33,9.274,3.855,0.6797,6,0.7037,-55.18,0.9,0,0,0,1642.0,121.2,8,0.095711,0.6672,1,0.076488,0.317201,0.269544,0.001931,0.002002
193,enf_injected_sophisticated,0,laptop_mic,15,66.3,44100,7637.7,9.835,5.537,3.742,0.7279,42,0.5738,-46.74,0.824,0,1,0,1668.5,175.9,16,0.08646,0.7532,1,0.045666,0.638734,0.213653,0.012862,0.00277
194,enf_injected_sophisticated,0,laptop_mic,9,94.1,48000,16635.5,17.014,9.391,4.225,0.409,27,0.6164,-41.01,1.07,0,0,0,1562.6,303.6,16,0.051025,,0,0.049756,0.620031,0.390046,0.008146,0.001646
195,enf_injected_sophisticated,0,laptop_mic,16,84.5,44100,8400.8,22.38,15.264,5.286,0.4857,38,0.4228,-56.5,0.238,0,0,0,1903.7,235.0,8,0.073097,0.7069,1,0.066464,0.423861,0.262043,0.016929,0.003157
196,enf_injected_sophisticated,0,voip,7,57.8,48000,4197.6,7.524,4.913,2.763,0.3619,12,0.3601,-48.18,1.008,0,0,0,2338.8,159.7,16,0.088361,0.9539,1,0.034774,0.5848,0.318362,0.016613,0.003074
197,enf_injected_sophisticated,0,voip,16,499.2,48000,6001.8,24.196,13.395,7.692,0.7691,134,0.4643,-40.98,1.238,0,1,0,1454.9,349.1,8,0.082628,,0,0.069922,0.663447,0.319342,0.005073,0.00271
198,enf_injected_sophisticated,0,voip,2,312.9,48000,3314.1,17.576,11.797,6.008,0.7274,97,0.4938,-59.33,0.698,0,0,0,1233.9,88.4,16,0.070912,,0,0.042499,0.515132,0.231408,-0.001041,0.003323
199,enf_injected_sophisticated,0,voip,2,546.0,44100,5725.2,10.184,6.159,2.608,0.766,171,0.5652,-55.02,0.225,0,0,0,1712.0,204.1,16,0.108957,,0,0.044753,0.615621,0.266668,0.00447,0.004943
200,enf_injected_sophisticated,0,usb_mic,14,540.8,48000,20196.0,8.185,5.237,2.43,0.8013,299,0.2177,-57.32,0.29,0,0,0,937.3,275.4,16,0.127024,0.8025,1,0.035874,0.653844,0.152501,-0.015906,0.00182
